age_group,toxicity,attack,aggression
18-30,0.1431920353470065,0.15450949701764033,0.17202081306315833
30-45,0.14564683264677372,0.15625307487946472,0.17149990045971594
45-60,0.1453900709219858,0.1598065008911143,0.17407375974803624
Over 60,0.17896449420997224,0.16427084366015662,0.1729949439873104
Under 18,0.14828240395690764,0.16944943464017753,0.197558913663743
