education,toxicity,attack,aggression
bachelors,0.14505907568749266,0.1562076660958862,0.1730689615470355
doctorate,0.1373901763075653,0.1608336264509321,0.16865986633837496
hs,0.14278738158023244,0.15193692372853745,0.172003388394748
masters,0.14488546345827663,0.16389247311827956,0.18114516129032257
none,0.16762452107279693,0.1958762886597938,0.1958762886597938
professional,0.14571018553319437,0.15418713212908464,0.16316622691292876
some,0.14807216726618705,0.15627445864857814,0.1707539786068354
