gender,toxicity,attack,aggression
female,0.14467097119263192,0.15584502561698424,0.17452005182641755
male,0.14434444489626802,0.15633300968412137,0.17204118249788583
other,0.1735159817351598,0.09239130434782608,0.07608695652173914
